﻿<?xml version="1.0" encoding="utf-8" standalone="no" ?>
<modDesc descVersion="63">
	<title>
		<en>Better AI Lights</en>
		<de>Bessere AI-Lichter</de>
	</title>
	<author>JTSage</author>
	<version>1.0.0.0</version>
	<description>
		<en><![CDATA[Turns on helper lights during rain and snow.  Also turns on the pipe light of combines when they are out.]]></en>
		<de><![CDATA[Schaltet die Helferbeleuchtung bei Regen und Schnee ein.  Schaltet auch die Rohrbeleuchtung von Mähdreschern ein, wenn diese ausgefallen sind.]]></de>
	</description>
	<iconFilename>modIcon.dds</iconFilename>
	<multiplayer supported="true"/>
	<extraSourceFiles>
		<sourceFile filename="aiBetterLights.lua" />
	</extraSourceFiles>
</modDesc>